{"cameraMode":{"drawMode":0,"name":"Shaded","section":"Shading Mode"},"sceneLighting":true,"audioPlay":false,"sceneViewState":{"m_AlwaysRefresh":false,"showFog":true,"showSkybox":true,"showFlares":true,"showImageEffects":true,"showParticleSystems":true,"showVisualEffectGraphs":true,"m_FxEnabled":true},"in2DMode":false,"pivot":{"x":-0.24846471846103669,"y":0.41526612639427187,"z":0.524558961391449},"rotation":{"x":-0.2282431274652481,"y":-0.09126793593168259,"z":0.021495962515473367,"w":-0.9690788388252258},"size":0.8781418204307556,"orthographic":false}