{"cameraMode":{"drawMode":0,"name":"Shaded","section":"Shading Mode"},"sceneLighting":true,"audioPlay":false,"sceneViewState":{"m_AlwaysRefresh":false,"showFog":true,"showSkybox":true,"showFlares":true,"showImageEffects":true,"showParticleSystems":true,"showVisualEffectGraphs":true,"m_FxEnabled":true},"in2DMode":false,"pivot":{"x":0.003714781254529953,"y":0.05654140189290047,"z":0.008067741990089417},"rotation":{"x":-0.11919224262237549,"y":0.19291208684444428,"z":-0.023615477606654168,"w":-0.9736638069152832},"size":0.10205060243606568,"orthographic":false}